{"cameraMode":{"drawMode":0,"name":"Shaded","section":"Shading Mode"},"sceneLighting":true,"audioPlay":false,"sceneViewState":{"m_AlwaysRefresh":false,"showFog":true,"showSkybox":true,"showFlares":true,"showImageEffects":true,"showParticleSystems":true,"showVisualEffectGraphs":true,"m_FxEnabled":true},"in2DMode":false,"pivot":{"x":-19.299999237060548,"y":11.799999237060547,"z":-8.899999618530274},"rotation":{"x":0.07627817988395691,"y":0.7266416549682617,"z":-0.08215446770191193,"w":0.6782200932502747},"size":12.247448921203614,"orthographic":false}